epoch,time,train/box_loss,train/seg_loss,train/cls_loss,train/dfl_loss,metrics/precision(B),metrics/recall(B),metrics/mAP50(B),metrics/mAP50-95(B),metrics/precision(M),metrics/recall(M),metrics/mAP50(M),metrics/mAP50-95(M),val/box_loss,val/seg_loss,val/cls_loss,val/dfl_loss,lr/pg0,lr/pg1,lr/pg2
1,36.402,0.6791,1.1799,2.66586,1.11193,0.0035,1,0.67074,0.42834,0.0035,1,0.62851,0.39408,0.58089,1.80284,3.20379,1.18633,0.00054,0.00054,0.00054
2,70.5951,0.71559,1.03814,2.13905,1.13873,0.89527,0.40831,0.71416,0.44069,0.89527,0.40831,0.73469,0.59154,0.81465,1.19308,2.90832,1.64116,0.00107822,0.00107822,0.00107822
3,104.259,0.83892,1.2154,1.78328,1.16569,0.44099,0.80952,0.46823,0.21632,0.42327,0.80952,0.44262,0.2745,1.26792,1.68274,3.24946,2.1382,0.00159426,0.00159426,0.00159426
4,137.851,0.94764,1.25461,1.83099,1.20795,0.35981,0.42857,0.32356,0.10784,0.34661,0.38095,0.42529,0.20195,2.01523,3.30479,3.74957,3.28852,0.0018812,0.0018812,0.0018812
5,171.013,0.95604,1.04058,1.67456,1.24902,0.5661,0.71429,0.68594,0.38472,0.52787,0.66667,0.61019,0.44545,1.14331,1.82456,4.62367,2.12858,0.0018416,0.0018416,0.0018416
6,205.335,0.99331,0.98196,1.80456,1.27395,0.50638,0.80952,0.67442,0.35735,0.46095,0.61905,0.51845,0.29939,1.15286,3.28687,3.62985,1.93112,0.001802,0.001802,0.001802
7,238.85,0.96889,1.12973,1.74677,1.2765,0.80281,0.58212,0.78116,0.52928,0.72964,0.57143,0.65893,0.39751,0.88373,2.49448,3.05444,1.68918,0.0017624,0.0017624,0.0017624
8,272.09,0.90524,0.88137,1.59288,1.1928,0.91411,0.52381,0.67175,0.4293,0.91411,0.52381,0.67976,0.53097,1.11775,1.02377,2.76462,1.89531,0.0017228,0.0017228,0.0017228
9,305.54,0.93499,1.09229,1.51434,1.22514,0.82148,0.7619,0.8727,0.55408,0.82148,0.7619,0.8719,0.6314,1.00611,1.16156,2.4325,1.65341,0.0016832,0.0016832,0.0016832
10,338.666,0.85145,0.80859,1.45003,1.20041,0.65952,0.85714,0.74667,0.51636,0.6613,0.83721,0.74763,0.60058,0.96715,0.77348,3.08447,1.69568,0.0016436,0.0016436,0.0016436
11,372.212,0.86047,0.90523,1.34679,1.20208,0.67404,0.80952,0.78871,0.48798,0.6358,0.74856,0.65794,0.43321,1.05112,1.38193,4.03909,1.92699,0.001604,0.001604,0.001604
12,405.705,0.81064,0.94485,1.36275,1.15124,0.94035,0.75121,0.88141,0.68363,0.8787,0.69064,0.74027,0.4901,0.76972,1.61947,1.67989,1.51502,0.0015644,0.0015644,0.0015644
13,439.17,0.81223,0.80349,1.25497,1.19259,0.75779,0.61905,0.64385,0.45223,0.73517,0.61905,0.57931,0.43563,1.33191,7.61666,2.67784,2.15624,0.0015248,0.0015248,0.0015248
14,472.673,0.80736,0.84827,1.27398,1.14268,0.85449,0.83946,0.89346,0.73369,0.86313,0.80952,0.85514,0.64474,0.74382,1.05538,1.7086,1.34208,0.0014852,0.0014852,0.0014852
15,506.358,0.76532,0.77782,1.2017,1.12533,0.86887,0.94683,0.91061,0.74526,0.88595,0.90476,0.87654,0.70391,0.73812,0.99385,1.5148,1.35985,0.0014456,0.0014456,0.0014456
16,539.669,0.70931,0.82575,1.15903,1.14501,0.89857,0.84422,0.92137,0.68529,0.84839,0.79982,0.83739,0.66575,0.84937,1.18229,1.6138,1.43209,0.001406,0.001406,0.001406
17,573.161,0.7467,0.85107,1.11599,1.10087,0.94669,0.84615,0.91918,0.69196,0.94669,0.84615,0.8757,0.68783,0.76538,0.92471,1.60932,1.34184,0.0013664,0.0013664,0.0013664
18,606.712,0.72632,0.87418,1.1026,1.09706,0.98928,0.80952,0.91094,0.51923,1,0.74328,0.82647,0.64254,1.20526,1.52398,2.0221,1.91318,0.0013268,0.0013268,0.0013268
19,639.744,0.70091,0.78436,1.07527,1.08828,1,0.8477,0.9525,0.61258,1,0.8477,0.94257,0.71827,1.01657,1.03232,1.56549,1.80868,0.0012872,0.0012872,0.0012872
20,672.95,0.72627,0.73957,1.03011,1.10134,0.86525,0.95238,0.95072,0.73417,0.86525,0.95238,0.94124,0.78138,0.87309,0.62516,1.47212,1.52661,0.0012476,0.0012476,0.0012476
21,706.151,0.73776,0.70506,1.05538,1.13768,0.91225,0.90476,0.96714,0.78116,0.91225,0.90476,0.94674,0.81504,0.70632,0.69619,1.27413,1.29246,0.001208,0.001208,0.001208
22,739.782,0.68649,0.73729,0.99951,1.08737,0.78291,0.90476,0.92302,0.72322,0.78291,0.90476,0.90645,0.76334,0.72233,0.79301,1.32619,1.33889,0.0011684,0.0011684,0.0011684
23,773.373,0.66944,0.77723,0.9256,1.073,0.94637,0.84096,0.95587,0.74306,0.94637,0.84096,0.93048,0.79579,0.74445,0.63625,1.32066,1.3641,0.0011288,0.0011288,0.0011288
24,808.631,0.68806,0.65664,1.00163,1.12642,0.90907,0.95238,0.93235,0.82215,0.90907,0.95238,0.9378,0.86083,0.58524,0.58175,1.17086,1.20908,0.0010892,0.0010892,0.0010892
25,842.266,0.59362,0.60181,0.8937,1.02432,0.83039,0.93302,0.9253,0.73133,0.83039,0.93302,0.90933,0.82827,0.74393,0.74588,1.28673,1.34012,0.0010496,0.0010496,0.0010496
26,875.723,0.59824,0.5775,0.89727,1.01034,0.8307,0.95238,0.93027,0.77694,0.8307,0.95238,0.92063,0.79376,0.65182,0.68677,1.18099,1.29688,0.00101,0.00101,0.00101
27,910.74,0.56046,0.55073,0.85025,1.02915,0.85612,0.95238,0.92468,0.77484,0.85612,0.95238,0.91969,0.79238,0.65457,0.67257,1.15988,1.30545,0.0009704,0.0009704,0.0009704
28,948.046,0.6517,0.57291,0.89395,1.08526,0.99467,0.85714,0.94433,0.81249,0.99467,0.85714,0.94379,0.81539,0.63719,0.60211,1.06027,1.24523,0.0009308,0.0009308,0.0009308
29,982.045,0.57898,0.63,0.82138,1.00219,0.95216,0.94793,0.94652,0.80693,0.95216,0.94793,0.94602,0.85803,0.60258,0.65198,1.03612,1.22281,0.0008912,0.0008912,0.0008912
30,1015.35,0.6094,0.60303,0.86598,1.027,0.94823,0.95238,0.96738,0.80316,0.94823,0.95238,0.95031,0.82386,0.58705,0.77449,1.01679,1.2037,0.0008516,0.0008516,0.0008516
31,1048.85,0.54812,0.5574,0.74661,0.97957,1,0.93954,0.979,0.83396,1,0.93954,0.95507,0.8397,0.55642,0.76603,0.96711,1.19197,0.000812,0.000812,0.000812
32,1082.23,0.57407,0.6059,0.76844,1.02897,0.90582,0.95238,0.95795,0.81757,0.90582,0.95238,0.94802,0.86883,0.64049,0.67503,0.99686,1.25626,0.0007724,0.0007724,0.0007724
33,1115.56,0.51951,0.51981,0.7803,0.97379,1,0.88697,0.95065,0.81791,1,0.88697,0.95052,0.8893,0.63641,0.57891,0.92404,1.28015,0.0007328,0.0007328,0.0007328
34,1148.85,0.54003,0.63344,0.77133,1.01952,0.99602,0.90476,0.96535,0.86182,0.94286,0.85714,0.89188,0.83412,0.57779,0.88262,0.96527,1.25982,0.0006932,0.0006932,0.0006932
35,1182.01,0.51753,0.55786,0.74099,0.98462,0.99888,0.90476,0.97145,0.85157,0.94525,0.85714,0.88894,0.78938,0.58829,1.05123,0.9811,1.26266,0.0006536,0.0006536,0.0006536
36,1215.36,0.56194,0.6135,0.73512,1.01749,0.99023,0.90476,0.97807,0.84484,0.99023,0.90476,0.95269,0.81675,0.59702,0.80151,1.03357,1.23014,0.000614,0.000614,0.000614
37,1248.67,0.54778,0.54162,0.70334,1.0454,1,0.93534,0.98045,0.86448,1,0.93534,0.95507,0.83456,0.53992,0.80319,0.95957,1.18158,0.0005744,0.0005744,0.0005744
38,1282,0.4803,0.58344,0.66751,0.97287,0.9964,0.95238,0.98397,0.90014,0.9964,0.95238,0.95507,0.89652,0.4945,0.7981,0.85608,1.19266,0.0005348,0.0005348,0.0005348
39,1315.11,0.4817,0.45499,0.70704,0.98081,0.99358,0.95238,0.979,0.88252,0.99358,0.95238,0.95507,0.89211,0.48443,0.80695,0.81368,1.18856,0.0004952,0.0004952,0.0004952
40,1348.2,0.4819,0.52219,0.72902,0.95594,0.99368,0.95238,0.96667,0.85116,0.99368,0.95238,0.95507,0.89294,0.487,0.72981,0.838,1.18505,0.0004556,0.0004556,0.0004556
41,1380.15,0.46606,0.33848,0.86007,1.03472,0.99238,0.95238,0.97453,0.84398,0.99238,0.95238,0.95507,0.87353,0.50003,0.69038,0.88098,1.16249,0.000416,0.000416,0.000416
42,1412.17,0.47331,0.36337,0.7946,1.09072,0.99478,0.95238,0.9821,0.89296,0.99478,0.95238,0.95507,0.91298,0.46646,0.61005,0.88848,1.12229,0.0003764,0.0003764,0.0003764
43,1443.94,0.46876,0.33242,0.79405,1.07871,0.99525,0.95238,0.975,0.88922,0.99525,0.95238,0.95507,0.91308,0.46046,0.58937,0.86051,1.12103,0.0003368,0.0003368,0.0003368
44,1475.91,0.4203,0.31151,0.75224,1.01575,0.99439,0.95238,0.95983,0.89541,0.99439,0.95238,0.95507,0.90955,0.43362,0.55596,0.87074,1.08352,0.0002972,0.0002972,0.0002972
45,1507.84,0.42251,0.32179,0.75084,1.03499,0.99589,0.95238,0.96332,0.90905,0.99589,0.95238,0.95507,0.89764,0.40132,0.54605,0.80173,1.03784,0.0002576,0.0002576,0.0002576
46,1539.83,0.44051,0.32567,0.74213,1.04071,0.99658,0.95238,0.96403,0.90898,0.99658,0.95238,0.95507,0.89418,0.39716,0.5328,0.74063,1.04946,0.000218,0.000218,0.000218
47,1571.61,0.44627,0.31475,0.74588,1.06852,0.9969,0.95238,0.967,0.9048,0.9969,0.95238,0.95507,0.90951,0.40066,0.51436,0.72931,1.05794,0.0001784,0.0001784,0.0001784
48,1603.46,0.40138,0.29618,0.6948,1.0055,0.99701,0.95238,0.95555,0.91513,0.99701,0.95238,0.95507,0.91279,0.38696,0.51928,0.71441,1.05133,0.0001388,0.0001388,0.0001388
49,1635.26,0.37967,0.27449,0.67843,1.0002,0.99678,0.95238,0.95556,0.91357,0.99678,0.95238,0.95507,0.91572,0.39928,0.50194,0.71622,1.05273,9.92e-05,9.92e-05,9.92e-05
50,1667.21,0.40564,0.29067,0.7131,1.03744,0.99671,0.95238,0.9555,0.91512,0.99671,0.95238,0.95507,0.92334,0.4014,0.49652,0.7127,1.04811,5.96e-05,5.96e-05,5.96e-05
